"Name","Character","Model","CameraModel","IdleAnim","WalkAnim","PrimarySkillAnim","SecondarySkillAnim","PrimarySkillRecoilAnim","PrimarySkillRecoilAnim2","SecondarySkillRecoilAnim","SecondarySkillRecoilAnim2","ReloadingAnim","PushbackAnim","HappyAnim","HappyLoopAnim","SadAnim","SadLoopAnim","HeroScreenIdleAnim","HeroScreenAnim","HeroScreenLoopAnim","SignatureAnim","EnterAnim","ProfileAnim","BossAutoAttackAnim","BossAutoAttackRecoilAnim","BossAutoAttackRecoilAnim2","IdleFace","WalkFace","HappyFace","HappyLoopFace","SadFace","SadLoopFace","HeroScreenIdleFace","HeroScreenFace","HeroScreenLoopFace","SignatureFace","ProfileFace","HappyEffect","SadEffect","HeadRotationIngame","HatScaleIngame","PetInSameSprite","AttackLocksAttackAngle","UltiLocksAttackAngle","MainAttackProjectile","UltiProjectile","MainAttackEffect","UltiAttackEffect","UseBlueTextureInMenus","MainAttackUseEffect","UltiUseEffect","MeleeHitEffect","SpawnEffect","UltiLoopEffect","UltiLoopEffect2","SpawnedItem","KillCelebrationSoundVO","InLeadCelebrationSoundVO","StartSoundVO","UseUltiSoundVO","TakeDamageSoundVO","DeathSoundVO","AttackSoundVO","BoneEffect1","BoneEffect2","BoneEffect3","BoneEffect4","BoneEffectUse"
"string","string","string","string","string","string","string","string","string","string","string","string","string","string","string","string","string","string","string","string","string","string","string","string","string","string","string","string","string","string","string","string","string","string","string","string","string","string","string","string","int","int","boolean","boolean","boolean","string","string","string","string","boolean","string","string","string","string","string","string","string","string","string","string","string","string","string","string","string","string","string","string","string"
"BanditGirlDefault","ShotgunGirl","shelly_geo.scw","shelly_base_cam.scw","ShellyIdle","ShellyWalk","ShellyPrimary","ShellySecondary","ShellyRecoil",,"ShellyRecoil",,"ShellyReload","ShellyPushback","ShellyWin","ShellyWinloop","ShellyLose","ShellyLoseloop","ShellyIdle","ShellyWin","ShellyWinloop","ShellyWin","ShellyIdle","ShellyProfile",,,,,,,,,,,,,,,,,,100,,,,,,,,,,,,,,,,,,,,,,,,,,,
"GunSlingerDefault","Gunslinger","colt_geo.scw","colt_base_cam.scw","GunslingerIdle","GunslingerWalk","GunslingerPrimary","GunslingerSecondary","GunslingerRecoil","GunslingerRecoil2","GunslingerRecoil","GunslingerRecoil2","GunslingerReload","GunslingerPushback","GunslingerWin","GunslingerWinloop","GunslingerLose","GunslingerLoseloop","GunslingerIdle","GunslingerWin","GunslingerWinloop","GunslingerWin","GunslingerIdle","GunslingerProfile",,,,,,,,,,,,,,,,,,100,,,,,,,,,,,,,,,,,,,,,,,,,,,
"GunSlingerRockstar","Gunslinger","colt_rockstar_geo.scw","colt_base_cam.scw","GunslingerIdle","GunslingerWalk","GunslingerPrimary","GunslingerSecondary","GunslingerRecoil","GunslingerRecoil2","GunslingerRecoil","GunslingerRecoil2","GunslingerReload","GunslingerPushback","GunslingerWin","GunslingerWinloop","GunslingerLose","GunslingerLoseloop","GunslingerIdle","GunslingerWin","GunslingerWinloop","GunslingerWin","GunslingerIdle","GunslingerProfile",,,,,,,,,,,,,,,,,,100,,,,,,,,,,,,,,,,,,,,,,,,,,,
"BullGuyDefault","BullDude","bull_geo.scw","bull_base_cam.scw","BullRockIdle","BullRockWalk","BullRockPrimary","BullRockSecondary","BullRockRecoil",,"BullRockRecoil",,"BullRockReload","BullRockPushback","BullRockWin","BullRockWinloop","BullRockLose","BullRockLoseloop","BullRockIdle","BullRockWin","BullRockWinloop","BullRockWin","BullRockIdle","BullRockProfile",,,,,,,,,,,,,,,,,,100,,"true",,,,,,,,,,,,,,,,,,,,,,,,,
"RocketGirlDefault","RocketGirl","brock_geo.scw","brock_base_cam.scw","BrockIdle","BrockWalk","BrockPrimary","BrockSecondary","BrockRecoil",,"BrockRecoil2",,"BrockIdle","BrockPushback","BrockWin","BrockWinloop","BrockLose","BrockLoseloop","BrockIdle","BrockWin","BrockWinloop","BrockWin","BrockIdle","BrockProfile",,,,,,,,,,,,,,,,,,100,,,,,,,,,,,,,,,,,,,,,,,,,,,
"RocketGirlBeach","RocketGirl","brock_beach_geo.scw","brock_base_cam.scw","BrockIdle","BrockWalk","BrockPrimary","BrockSecondary","BrockRecoil",,"BrockRecoil2",,"BrockIdle","BrockPushback","BrockWin","BrockWinloop","BrockLose","BrockLoseloop","BrockIdle","BrockWin","BrockWinloop","BrockWin","BrockIdle","BrockProfile",,,,,,,,,,,,,,,,,,100,,,,,,,,,,,,,,,,,,,,,,,,,,,
"TntGuyDefault","TntDude","dynamike_geo.scw","dynamike_base_cam.scw","TntguyIdle","TntguyWalk","TntguyPrimary","TntguySecondary","TntguyRecoil",,"TntguyUlti",,"TntguyReload","TntguyPushback","TntguyWin","TntguyWinloop","TntguyLose","TntguyLoseloop","TntguyIdle","TntguyWin","TntguyWinloop","TntguyWin","TntguyIdle","TntguyProfile",,,,,,,,,,,,,,,,,,100,,,,,,,,,,,,,,,,,,,,,,,,,,,
"LuchadorDefault","Luchador","louchador_geo.scw:body+buckle1","primo_base_cam.scw","LouchadorIdle","LouchadorWalk","LouchadorPrimary","LouchadorSecondary","LouchadorRecoil","LouchadorRecoil2","LouchadorRecoil",,,"LouchadorPushback","LouchadorWin","LouchadorWinloop","LouchadorLose","LouchadorLoseloop","LouchadorIdle","LouchadorWin","LouchadorWinloop","LouchadorWin","LouchadorIdle","LouchadorProfile",,,,,,,,,,,,,,,,,,100,,,,,,,,,,,,,,,,,,,,,,,,,,,
"TurretDefault","MechanicTurret","turret_jessie_geo.scw","portrait_cam.scw","Turret","Turret","Turret","Turret","TurretAttack",,"Turret",,"Turret","TurretIdle","TurretSpawn","TurretIdle",,"TurretIdle","Turret","TurretSpawn","TurretIdle",,"TurretIdle","Turret",,,,,,,,,,,,,,,,,,100,,,,,,,,,,,,,,,,,,,,,,,,,,,
"TrickshotDefault","TrickshotDude","rico_geo.scw","rico_base_cam.scw","RicoIdle","RicoWalk","RicoPrimary","RicoSecondary","RicoRecoil",,"RicoRecoil",,"RicoReload","RicoPushback","RicoWin","RicoWinloop","RicoLose","RicoLoseloop","RicoIdle","RicoWin","RicoWinloop","RicoWin","RicoIdle","RicoProfile",,,,,,,,,,,,,,,,,,100,,,,,,,,,,,,,,,,,,,,,,,,,,,
"CactusDefault","Cactus","spike_geo.scw","spike_base_cam.scw","SpikeIdle","SpikeWalk","SpikePrimary","SpikeSecondary","SpikeRecoil",,"SpikeRecoil2",,"SpikeReload","SpikeIdle","SpikeWin","SpikeWinloop","SpikeLose","SpikeLoseloop","SpikeIdle","SpikeWin","SpikeWinloop","SpikeWin","SpikeIdle","SpikeProfile",,,,,,,,,,,,,,,,,,100,,,,,,,,,,,,,,,,,,,,,,,,,,,
"CactusPink","Cactus","spike_blossom_geo.scw","spike_base_cam.scw","SpikeIdle","SpikeWalk","SpikePrimary","SpikeSecondary","SpikeRecoil",,"SpikeRecoil2",,"SpikeReload","SpikeIdle","SpikeWin","SpikeWinloop","SpikeLose","SpikeLoseloop","SpikeIdle","SpikeWin","SpikeWinloop","SpikeWin","SpikeIdle","SpikeProfile",,,,,,,,,,,,,,,,,,100,,,,"Spike002Projectile","Spike002UltiProjectile","spike_002_atk","spike_002_ulti",,,,,,,,,,,,,,,,,,,,
"BarkeepDefault","Barkeep","barkeep_geo.scw","barley_base_cam.scw","BarkeepIdle","BarkeepWalk","BarkeepPrimary","BarkeepSecondary","BarkeepRecoil",,"BarkeepRecoil",,"BarkeepReload","BarkeepPushback","BarkeepWin","BarkeepWinloop","BarkeepLose","BarkeepLoseloop","BarkeepWinidleloop","BarkeepWin","BarkeepWinidleloop","BarkeepWin","BarkeepIdle","BarkeepProfile",,,,,,,,,,,,,,,,,,100,,,,,,,,,,,,,,,,,,,,,,,,,,,
"MechanicDefault","Mechanic","jessie_geo.scw:jessie_main+jessie_gun+jessie_hat+jessie_backpack","jessie_base_cam.scw","JunkerIdle","JunkerWalk","JunkerPrimary","JunkerUltiAttack","JunkerRecoil",,"JunkerUltiRecoil",,"JunkerReload","JunkerPushback","JunkerWin","JunkerWinloop","JunkerLose","JunkerLoseloop","JunkerIdle","JunkerWin","JunkerWinloop","JunkerWin","JunkerIdle","JunkerProfile",,,,"JunkerFace","JunkerFace","JunkerFace","JunkerDreamyFace","JunkerDreamyFace","JunkerDreamyFace","JunkerFace","JunkerFace","JunkerDreamyFace","JunkerFace","JunkerStillFace",,,,100,,,,,,,,,,,,,,,,,,,,,,,,,,,
"ShamanDefault","Shaman","nita_geo.scw","nita_base_cam.scw","ShamanIdle","ShamanWalk","ShamanAttack","ShamanSecondary","ShamanRecoil",,"ShamanRecoil",,"ShamanReload","ShamanPushback","ShamanWin","ShamanWinloop","ShamanLose","ShamanLoseloop","ShamanIdle","ShamanWin","ShamanWinloop","ShamanWin","ShamanIdle","ShamanProfile",,,,,,,,,,,,,,,,,,100,,,,,,,,,,,,,,,,,,,,,,,,,,,
"ShamanPanda","Shaman","nita_geo.scw","nita_base_cam.scw","ShamanIdle","ShamanWalk","ShamanAttack","ShamanSecondary","ShamanRecoil",,"ShamanRecoil",,"ShamanReload","ShamanPushback","ShamanWin","ShamanWinloop","ShamanLose","ShamanLoseloop","ShamanIdle","ShamanWin","ShamanWinloop","ShamanWin","ShamanIdle","ShamanProfile",,,,,,,,,,,,,,,,,,100,,,,,,,,,,,,,,,,,,,,,,,,,,,
"ShamanBearDefault","ShamanPet","nita_bear_geo.scw","portrait_cam.scw","BearShibaIdle","BearWalk","BearAttack","BearShibaIdle","BearRecoil",,"BearShibaIdle",,"BearShibaIdle","BearPushback","BearShibaIdle","BearShibaIdle","BearShibaIdle","BearShibaIdle","BearShibaIdle","BearShibaIdle","BearShibaIdle","BearShibaIdle","BearShibaIdle","BearShibaIdle",,,,,,,,,,,,,,,,,,100,,,,,,,,,,,,,,,,,,,,,,,,,,,
"ShamanBearPanda","ShamanPet","nita_bear_geo.scw","portrait_cam.scw","BearShibaIdle","BearWalk","BearAttack","BearShibaIdle","BearRecoil",,"BearShibaIdle",,"BearShibaIdle","BearPushback","BearShibaIdle","BearShibaIdle","BearShibaIdle","BearShibaIdle","BearShibaIdle","BearShibaIdle","BearShibaIdle","BearShibaIdle","BearShibaIdle","BearShibaIdle",,,,,,,,,,,,,,,,,,100,,,,,,,,,,,,,,,,,,,,,,,,,,,
"UndertakerDefault","Undertaker","mortis_geo.scw:headGeo+hairGeo+cloakGeo+armsGeo+torsoGeo+capeGeo+capeGeo1+legsGeo+shoesGeo+lanternGeo+shovelGeo+shovelsmearGeo","mortis_base_cam.scw","UndertakerIdle","UndertakerWalk","UndertakerAttack","UndertakerUltiAttack","UndertakerRecoil1",,"UndertakerUltiRecoil1",,,"UndertakerPushback","UndertakerWin","UndertakerWinloop","UndertakerLose","UndertakerLoseloop","UndertakerIdle","UndertakerWin","UndertakerWinloop","UndertakerWin","UndertakerIdle","UndertakerProfile",,,,"MortisWinloop","MortisFace","MortisWin","MortisWinloop","MortisFace","MortisFace","MortisFace","MortisWin","MortisWinloop","MortisFace","MortisFace",,,,100,,,"true",,,,,,,,,,,,,,,,,,,,,,,,
"CrowDefault","Crow","crow_geo.scw:crow_accessories1+crow_body1+crow_boots1+crow_hands1+crow_head1","crow_base_cam.scw","CrowIdle","CrowWalk","CrowPrimary","CrowSecondary","CrowRecoil",,"CrowRecoil",,"CrowReload","CrowPushback","CrowWin","CrowWinloop","CrowLose","CrowLoseloop","CrowIdle","CrowWin","CrowWinloop","CrowWin","CrowIdle","CrowProfile",,,,"CrowFace","CrowFace","CrowFace","CrowFace","CrowFace","CrowFace","CrowFace","CrowFace","CrowFace","CrowFace","CrowFace",,,,100,,,,,,,,,,,,,,,,,,,,,,,,,,,
"CrowWhite","Crow","crow_geo.scw:crow_accessories1+crow_body1+crow_boots1+crow_hands1+crow_head1","crow_base_cam.scw","CrowIdle","CrowWalk","CrowPrimary","CrowSecondary","CrowRecoil",,"CrowRecoil",,"CrowReload","CrowPushback","CrowWin","CrowWinloop","CrowLose","CrowLoseloop","CrowIdle","CrowWin","CrowWinloop","CrowWin","CrowIdle","CrowProfile",,,,"CrowFace","CrowFace","CrowFace","CrowFace","CrowFace","CrowFace","CrowFace","CrowFace","CrowFace","CrowFace","CrowFace",,,,100,,,,,,,,,,,,,,,,,,,,,,,,,,,
"DeadMariachiDefault","DeadMariachi","poco_geo.scw","poco_base_cam.scw","PocoIdle","PocoWalk","PocoAttack","PocoSecondary","PocoRecoil",,"PocoRecoil",,"PocoReload","PocoPushback","PocoWin","PocoWinloop","PocoLose","PocoLoseloop","PocoIdle","PocoWin","PocoWinloop","PocoWin","PocoIdle","PocoProfile",,,,,,,,,,,,,,,,,,100,,,,,,,,,,,,,,,,,,,,,,,,,,,
"BowDudeDefault","BowDude","bo_geo.scw","bo_base_cam.scw","BowGuyIdle","BowGuyWalk","BowGuyAttack","BowGuySecondary","BowGuyRecoil",,"BowGuyRecoil2",,,"BowGuyIdle","BowGuyWin","BowGuyWinloop","BowGuyLose","BowGuyLoseloop","BowGuyIdle","BowGuyWin","BowGuyWinloop","BowGuyWin","BowGuyIdle","BowGuyProfile",,,,,,,,,,,,,,,,,,100,,,,,,,,"true",,,,,,,,,,,,,,,,,,,
"SniperDefault","Sniper","piper_geo.scw","piper_portrait.scw","SniperIdle","SniperWalk","SniperAttack","SniperSecondary","SniperRecoil",,"SniperRecoil",,"SniperReload","SniperPushback","SniperWin","SniperWinloop","SniperLose","SniperLoseloop","SniperIdle","SniperWin","SniperWinloop","SniperWin","SniperIdle","SniperProfile",,,,"PiperIdleOpen","PiperIdleOpen","PiperWin","PiperWinLoop","PiperIdleClosed","PiperIdleClosed","PiperIdleClosed","PiperWin","PiperWinLoop","PiperIdleClosed","PiperIdleClosed",,,,100,,"true",,,,,,,,,,,,,,,,,,,,,,,,,
"MinigunDudeDefault","MinigunDude","minigunner_geo.scw:body+head+nozzle+hose+backpack","pam_base_cam.scw","MinigunnerIdle","MinigunnerWalk","MinigunnerPrimary","MinigunnerSecondary","MinigunnerRecoil",,"MinigunnerRecoil2",,"MinigunnerReload","MinigunnerPushback","MinigunnerWin","MinigunnerWinloop","MinigunnerLose","MinigunnerLoseloop","MinigunnerIdle","MinigunnerWin","MinigunnerWinloop","MinigunnerWin","MinigunnerIdle","MinigunnerProfile",,,,"PamFace","PamFace","PamFace","PamFace","PamFace","PamFace","PamFace","PamFace","PamFace","PamFace","PamFace",,,,100,,,,,,,,,,,,,,,,,,,,,,,,,,,
"BullGuyHair","BullDude","bull_viking_geo.scw","bull_base_cam.scw","BullVikingIdle","BullVikingWalk","BullVikingPrimary","BullVikingSecondary","BullVikingRecoil",,"BullVikingRecoil",,"BullVikingIdle","BullVikingPushback","BullVikingWin","BullVikingWinloop","BullVikingLose","BullVikingLoseloop","BullVikingIdle","BullVikingWin","BullVikingWinloop","BullVikingWin","BullVikingIdle","BullGuyHairProfile",,,,,,,,,,,,,,,,,,100,,,,,,,,,,,,,,,,,,,,,,,,,,,
"TrickshotGold","TrickshotDude","rico_gold_geo.scw","rico_base_cam.scw","RicoGoldIdle","RicoGoldWalk","RicoGoldPrimary","RicoGoldSecondary","RicoGoldRecoil",,"RicoGoldRecoil",,"RicoGoldReload","RicoGoldPushback","RicoGoldWin","RicoGoldWinloop","RicoGoldLose","RicoGoldLoseloop","RicoGoldIdle","RicoGoldWin","RicoGoldWinloop","RicoGoldWin","RicoGoldIdle","RicoProfile",,,,,,,,,,,,,,,,,,100,,,,"Rico003Projectile","Rico003UltiProjectile","rico_003_atk","rico_003_ulti",,,,,,,,,,,,,,,,,,,,
"BarkeepGold","Barkeep","barley_banker_geo.scw","barley_base_cam.scw","BarkeepBankerIdle","BarkeepBankerWalk","BarkeepBankerPrimary","BarkeepBankerSecondary","BarkeepBankerRecoil",,"BarkeepBankerRecoil",,"BarkeepBankerReload","BarkeepBankerPushback","BarkeepBankerWin","BarkeepBankerWinloop","BarkeepBankerLose","BarkeepBankerLoseloop","BarkeepBankerWinidleloop","BarkeepBankerWin","BarkeepBankerWinidleloop","BarkeepBankerWin","BarkeepBankerIdle","BarkeepBankerProfile",,,,,,,,,,,,,,,,,,100,,,,"Barley003Projectile","Barley003UltiProjectile",,,,,,,,,,,,,,,,,,,,,,
"LuchadorRudo","Luchador","louchador_geo.scw:body+buckle1+wings","primo_base_cam.scw","LouchadorIdle","LouchadorWalk","LouchadorPrimary","LouchadorSecondary","LouchadorRecoil","LouchadorRecoil2","LouchadorRecoil",,,"LouchadorPushback","LouchadorWin","LouchadorWinloop","LouchadorLose","LouchadorLoseloop","LouchadorIdle","LouchadorWin","LouchadorWinloop","LouchadorWin","LouchadorIdle","LouchadorProfile",,,,,,,,,,,,,,,,,,100,,,,,,,,,,,,,,,,,,,,,,,,,,,
"BanditGirlBandita","ShotgunGirl","shelly_bandita_geo.scw","shelly_base_cam.scw","ShellyBanditaIdle","ShellyBanditaWalk","ShellyBanditaPrimary","ShellyBanditaSecondary","ShellyBanditaRecoil",,"ShellyBanditaRecoil",,"ShellyBanditaReload","ShellyBanditaPushback","ShellyBanditaWin","ShellyBanditaWinloop","ShellyBanditaLose","ShellyBanditaLoseloop","ShellyBanditaIdle","ShellyBanditaWin","ShellyBanditaWinloop","ShellyBanditaWin","ShellyBanditaIdle","ShellyProfile",,,,,,,,,,,,,,,,,,100,,,,,,,,,,,,,,,,,,,,,,,,,,,
"LuchadorRey","Luchador","louchador_geo.scw:body+buckle2+kingcrown1+kingcape1+kingcapeback1+kingpin1","primo_base_cam.scw","LouchadorIdle","LouchadorWalk","LouchadorPrimary","LouchadorSecondary","LouchadorRecoil","LouchadorRecoil2","LouchadorRecoil",,,"LouchadorPushback","LouchadorWin","LouchadorWinloop","LouchadorLose","LouchadorLoseloop","LouchadorIdle","LouchadorWin","LouchadorWinloop","LouchadorWin","LouchadorIdle","LouchadorProfile",,,,,,,,,,,,,,,,,,100,,,,,,,,,,,,,,,,,,,,,,,,,,,
"BallDefault",,"brawl_ball.scw","portrait_cam.scw",,,,,,,,,,,,,,,,,,,,,,,,,,,,,,,,,,,,,,100,,,,,,,,,,,,,,,,,,,,,,,,,,,
"BlackholeDefault","BlackHole","tara_geo.scw","tara_base_cam.scw","TaraIdle","TaraWalk","TaraPrimary","TaraSecondary","TaraRecoil",,"TaraSecondaryRecoil",,"TaraReload","TaraIdle","TaraWin","TaraWinloop","TaraLose","TaraLoseloop","TaraIdle","TaraWin","TaraWinloop","TaraWin","TaraIdle","TaraProfile",,,,"TaraFaceIdle","TaraFaceIdle","TaraFaceWin","TaraFaceWinLoop","TaraFaceLose","TaraFaceLoseloop","TaraFaceIdle","TaraFaceIdle","TaraFaceIdle","TaraFaceIdle","TaraFaceIdle",,,,100,,"true","true",,,,,"true",,,,,,,,,,,,,,,,,,,
"HealstationDefault","HealingStation","healstation_geo.scw:body+healy","portrait_cam.scw","HealingStation","HealingStation","HealingStation","HealingStation","HealingStation",,"HealingStation",,"HealingStation","HealingStation",,"HealingStation",,"HealingStation","HealingStation",,"HealingStation",,"HealingStation","HealingStation",,,,,,,,,,,,,,,,,,100,,,,,,,,,,,,,,,,,,,,,,,,,,,
"BarrelbotDefault","BarrelBot","darryl_geo.scw","darryl_base_cam.scw","DarrylIdle","DarrylWalk","DarrylPrimary","BarrelbotSecondary","DarrylRecoil","DarrylRecoil2","DarrylRecoil",,"DarrylReload","DarrylPushback","BarrelbotWin","BarrelbotWinloop","BarrelbotLose","BarrelbotLoseloop","DarrylIdle","BarrelbotWin","BarrelbotWinloop","BarrelbotWinloop","DarrylHide","DarrylProfile",,,,,,,,,,,,,,,,,,100,,,,,,,,,,,,,,,,,,,,,,,,,,,
"BlackholePetDefault","BlackHolePet","tara_geo.scw","tara_base_cam.scw","TaraIdle","TaraWalk","TaraPrimary","TaraSecondary","TaraRecoil",,"TaraSecondaryRecoil",,"TaraReload","TaraIdle","TaraWin","TaraWinloop","TaraLose","TaraLoseloop","TaraIdle","TaraWin","TaraWinloop","TaraWin","TaraIdle","TaraWin",,,,,,,,,,,,,,,,,,100,,"true","true",,,,,"true",,,,,,,,,,,,,,,,,,,
"TntPetDefault","TntPet","bear_geo.scw","portrait_cam.scw","BearIdle","BearWalk","BearAttack","BearIdle","BearRecoil",,"BearIdle",,"BearIdle","BearPushback","BearIdle","BearIdle","BearIdle","BearIdle","BearIdle","BearIdle","BearIdle","BearIdle","BearIdle","BearIdle",,,,,,,,,,,,,,,,,,100,,,,,,,,,,,,,,,,,,,,,,,,,,,
"RangedBotDefault",,"rangedbot_geo.scw:head+body+Gun","portrait_cam.scw","RangedBotIdle","RangedBotWalk","RangedBotPrimary","RangedBotSecondary","RangedBotRecoil",,"RangedBotRecoil",,"RangedBotReload","RangedBotPushback","RangedBotWin","RangedBotWinloop","RangedBotLose","RangedBotLoseloop","RangedBotIdle","RangedBotWin","RangedBotWinloop","RangedBotWin","RangedBotIdle","RangedBotIdle",,,,,,,,,,,,,,,,,,100,,,,,,,,,,,,,,,,,,,,,,,,,,,
"MeleeFastBotDefault",,"fastmeleebot_geo.scw:robo_geo","portrait_cam.scw","FastMeleeBotIdle","FastMeleeBotWalk","FastMeleeBotIdle","FastMeleeBotIdle","FastMeleeBotRecoil",,"FastMeleeBotRecoil",,,"FastMeleeBotPushback","FastMeleeBotWin","FastMeleeBotWinloop","FastMeleeBotLose","FastMeleeBotLoseloop","FastMeleeBotIdle","FastMeleeBotWin","FastMeleeBotWinloop","FastMeleeBotWin","FastMeleeBotIdle","FastMeleeBotIdle",,,,,,,,,,,,,,,,,,100,,,,,,,,,,,,,,,,,,,,,,,,,,,
"MeleeBotDefault",,"meleebot_geo.scw:body+head","portrait_cam.scw","MeleeBotIdle","MeleeBotWalk","MeleeBotIdle","MeleeBotIdle","MeleeBotRecoil","MeleeBotRecoil2","MeleeBotRecoil",,,"MeleeBotPushback","MeleeBotWin","MeleeBotWinloop","MeleeBotLose","MeleeBotLoseloop","MeleeBotIdle","MeleeBotWin","MeleeBotWinloop","MeleeBotWin","MeleeBotIdle","MeleeBotIdle",,,,,,,,,,,,,,,,,,100,,,,,,,,,,,,,,,,,,,,,,,,,,,
"BossBotDefault",,"bossbot_geo.scw:body+head+hands","portrait_cam.scw","BossBotIdle","BossBotWalk","BossBotIdle","BossBotIdle","BossBotIdle",,"BossBotIdle",,,"BossBotPushback","BossBotWin","BossBotWinloop","BossBotLose","BossBotLoseloop","BossBotIdle","BossBotWin","BossBotWinloop","BossBotWin","BossBotIdle","BossBotIdle","BossBotIdle","BossBotRecoil","BossBotRecoil2",,,,,,,,,,,,,,,100,,,,,,,,,,,,,,,,,,,,,,,,,,,
"ArtilleryGalDefault","ArtilleryDude","mari_geo.scw","penny_base_cam.scw","ArtilleryGalIdle","ArtilleryGalWalk","ArtilleryGalPrimary","ArtilleryGalUltiAttack","ArtilleryGalRecoil",,"ArtilleryGalUltiRecoil",,"ArtilleryGalReload","ArtilleryGalPushback","ArtilleryGalWin","ArtilleryGalWinloop","ArtilleryGalLose","ArtilleryGalLoseloop","ArtilleryGalIdle","ArtilleryGalWin","ArtilleryGalWinloop","ArtilleryGalWin","ArtilleryGalIdle","ArtilleryGalProfile",,,,"PennyFace","PennyFace","PennyFace","PennyFace","PennyFace","PennyFace","PennyFace","PennyFace","PennyFace","PennyFace","PennyFace",,,,100,,,,,,,,,,,,,,,,,,,,,,,,,,,
"FrankDefault","HammerDude","frank_geo.scw","frank_base_cam.scw","FrankIdle","FrankWalk","FrankPrimary","FrankSecondary","FrankRecoil",,"FrankRecoil2",,"FrankReloading","FrankPushback","FrankWin","FrankWinloop","FrankLose","FrankLoseloop","FrankIdle","FrankWin","FrankWinloop","FrankWin","FrankIdle","FrankProfile",,,,,,,,,,,,,,,,,,100,,,,,,,,,,,,,,,,,,,,,,,,,,,
"ArtilleryTurretDefault","ArtilleryDudeTurret","turret_geo.scw","portrait_cam.scw","ArtilleryIdle","ArtilleryIdle","ArtilleryIdle","ArtilleryIdle","ArtilleryAttack",,"ArtilleryIdle",,"ArtilleryIdle","ArtilleryIdle","ArtillerySpawn","ArtilleryIdle",,"ArtilleryIdle","ArtilleryIdle","ArtillerySpawn","ArtilleryIdle",,"ArtilleryIdle","ArtilleryIdle",,,,,,,,,,,,,,,,,,100,,,,,,,,,,,,,,,,,,,,,,,,,,,
"MechanicKnight","Mechanic","jessie_knight_geo.scw","jessie_base_cam.scw","JunkerKnightIdle","JunkerKnightWalk","JunkerKnightPrimary","JunkerKnightUltiAttack","JunkerKnightRecoil",,"JunkerKnightUltiRecoil",,"JunkerKnightReload","JunkerKnightPushback","JunkerKnightBattleWin","JunkerKnightBattleWinloop","JunkerKnightLose","JunkerKnightLoseloop","JunkerKnightWinloop","JunkerKnightWin","JunkerKnightWinloop","JunkerKnightBattleWin","JunkerKnightIdle","JunkerProfile",,,,"JunkerFace","JunkerFace","JunkerFace","JunkerFace","JunkerDreamyFace","JunkerDreamyFace","JunkerFace","JunkerFace","JunkerFace","JunkerFace","JunkerStillFace",,,,100,"true",,,,,,,,,,,,,,,,,,,,,,,,,,
"FrankCaveman","HammerDude","frank_caveman_geo.scw","frank_base_cam.scw","FrankIdle","FrankWalk","FrankPrimary","FrankSecondary","FrankRecoil",,"FrankRecoil2",,,"FrankPushback","FrankWin","FrankWinloop","FrankLose","FrankLoseloop","FrankIdle","FrankWin","FrankWinloop","FrankWin","FrankIdle","FrankProfile",,,,,,,,,,,,,,,,,,100,,,,,,,,,,,,,,,,,,,,,,,,,,,
"TurretDragon","MechanicTurret","turret_dragon_geo.scw","portrait_cam.scw","Turret","Turret","Turret","Turret","TurretAttack",,"Turret",,"Turret","TurretIdle","TurretSpawn","TurretIdle",,"TurretIdle","TurretWinloop","TurretWin","TurretWinloop",,"TurretIdle","Turret",,,,,,,,,,,,,,,,,,100,,,,,,"flame_turret_attack",,,,,,,,,,,,,,,,,,,,,
"MechanicSummer","Mechanic","jessie_summertime_geo.scw","jessie_base_cam.scw","JunkerKnightIdle","JunkerKnightWalk","JunkerKnightPrimary","JunkerKnightUltiAttack","JunkerKnightRecoil",,"JunkerKnightUltiRecoil",,"JunkerKnightReload","JunkerKnightPushback","JunkerKnightBattleWin","JunkerKnightBattleWinloop","JunkerKnightLose","JunkerKnightLoseloop","JunkerKnightBattleWinloop","JunkerKnightBattleWin","JunkerKnightBattleWinloop","JunkerKnightBattleWin","JunkerKnightIdle","JunkerProfile",,,,"JunkerFace","JunkerFace","JunkerFace","JunkerDreamyFace","JunkerDreamyFace","JunkerDreamyFace","JunkerFace","JunkerFace","JunkerDreamyFace","JunkerFace","JunkerStillFace",,,,100,,,,,,,,,,,,,,,,,,,,,,,,,,,
"TurretSummertime","MechanicTurret","turret_summertime_geo.scw","portrait_cam.scw","Turret","Turret","Turret","Turret","TurretAttack",,"Turret",,"Turret","TurretIdle","TurretSpawn","TurretIdle",,"TurretIdle","Turret","TurretIdle","TurretIdle",,"TurretIdle","Turret",,,,,,,,,,,,,,,,,,100,,,,,,,,,,,,,,,,,,,,,,,,,,,
"CrowPheonix","Crow","crow_pheonix_geo.scw","crow_pheonix_cam.scw","CrowPheonixIdle","CrowPheonixWalk","CrowPheonixPrimary","CrowPheonixUltiAttack","CrowPheonixRecoil",,"CrowPheonixUltiAttack",,"CrowPheonixIdle","CrowPheonixIdle","CrowPheonixWin","CrowPheonixWinloop","CrowPheonixLose","CrowPheonixLoseloop","CrowPheonixIdle","CrowPheonixWin","CrowPheonixWinloop","CrowPheonixWin","CrowPheonixIdle","CrowPheonixProfile",,,,"CrowFace","CrowFace","CrowFace","CrowFace","CrowFace","CrowFace","CrowFace","CrowFace","CrowFace","CrowFace","CrowFace",,,,100,,,,"CrowProjectileFlame","CrowUltiProjectileFlame",,,,,,,,,,,,,,,,,,"Crow_bone_trail_1","Crow_bone_trail_2","Crow_bone_trail_3","Crow_bone_trail_4","ulti"
"UndertakerGreaser","Undertaker","mortis_greaser_geo.scw","mortis_base_cam.scw","UndertakerGreaserIdle","UndertakerWalk","UndertakerAttack","UndertakerUltiAttack","UndertakerRecoil1",,"UndertakerUltiRecoil1",,,"UndertakerPushback","UndertakerGreaserWin","UndertakerGreaserWinloop","UndertakerGreaserLose","UndertakerGreaserLoseloop","UndertakerGreaserIdle","UndertakerGreaserWin","UndertakerGreaserWinloop","UndertakerGreaserWin","UndertakerGreaserIdle","UndertakerProfile",,,,"MortisWinloop","MortisFace","MortisWin","MortisWinloop","MortisFace","MortisFace","MortisFace","MortisWin","MortisWinloop","MortisFace","MortisWinloop",,,,100,,,,,,,,,,,,,,,,,,,,,,,,,,,
"BigBotDefault",,"meleebot_geo.scw:body+head","portrait_cam.scw","MeleeBotIdle","MeleeBotWalk","MeleeBotIdle","MeleeBotIdle","MeleeBotRecoil","MeleeBotRecoil2","MeleeBotRecoil",,,"MeleeBotPushback","MeleeBotWin","MeleeBotWinloop","MeleeBotLose","MeleeBotLoseloop","MeleeBotIdle","MeleeBotWin","MeleeBotWinloop","MeleeBotWin","MeleeBotIdle","MeleeBotIdle","MeleeBotIdle","MeleeBotRecoil","MeleeBotRecoil2",,,,,,,,,,,,,,,100,,,,,,,,,,,,,,,,,,,,,,,,,,,
"BanditGirlPrereg","ShotgunGirl","shelly_prereg_geo.scw","shelly_base_cam.scw","ShellyPreregIdle","ShellyPreregWalk","ShellyPreregPrimary","ShellyPreregSecondary","ShellyPreregRecoil",,"ShellyPreregRecoil",,"ShellyPreregReload","ShellyPreregPushback","ShellyPreregWin","ShellyPreregWinloop","ShellyPreregLose","ShellyPreregLoseloop","ShellyPreregIdle","ShellyPreregWin","ShellyPreregWinloop","ShellyPreregWin","ShellyPreregIdle","ShellyProfile",,,,,,,,,,,,,,,,,,100,,,,"ShotgunGirlStarProjectile","ShotgunGirlStarUltiProjectile",,,,,,,,,,,,,,,,,,,,,,
"LootBox",,"crate_powerup.scw","portrait_cam.scw",,,,,,,,,,,,,,,,,,,,,,,,,,,,,,,,,,,,,,100,,,,,,,,,,,,,,,,,,,,,,,,,,,
"TntBox",,"crate_tnt.scw","portrait_cam.scw",,,,,,,,,,,,,,,,,,,,,,,,,,,,,,,,,,,,,,100,,,,,,,,,,,,,,,,,,,,,,,,,,,
"Safe",,"heist_safe.scw","portrait_cam.scw",,,,,,,,,,,,,,,,,,,,,,,,,,,,,,,,,,,,,,100,,,,,,,,,,,,,,,,,,,,,,,,,,,
"TntGuySanta","TntDude","dynamike_santa_geo.scw","dynamike_base_cam.scw","TntguyIdle","TntguyWalk","TntguyPrimary","TntguySecondary","TntguyRecoil",,"TntguyUlti",,"TntguyReload","TntguyPushback","TntguyWin","TntguyWinloop","TntguyLose","TntguyLoseloop","TntguyIdle","TntguyWin","TntguyWinloop","TntguyWin","TntguyIdle","TntguyProfile",,,,,,,,,,,,,,,,,,100,,,,"TntDudeSantaProjectile","TntDudeSantaUltiProjectile",,,,,,,,,,,,,,,,,,,,,,
"TntGuyChef","TntDude","dynamike_chef_geo.scw","dynamike_base_cam.scw","TntguyIdle","TntguyWalk","TntguyPrimary","TntguySecondary","TntguyRecoil",,"TntguyUlti",,"TntguyReload","TntguyPushback","TntguyWin","TntguyWinloop","TntguyLose","TntguyLoseloop","TntguyIdle","TntguyWin","TntguyWinloop","TntguyWin","TntguyIdle","TntguyProfile",,,,,,,,,,,,,,,,,,100,,,,"TntDudeChefProjectile","TntDudeChefUltiProjectile",,,,,,,,,,,,,,,,,,,,,,
"RocketGirlBoombox","RocketGirl","brock_boombox_geo.scw","brock_base_cam.scw","BrockBoomboxIdle","BrockBoomboxWalk","BrockBoomboxPrimary","BrockBoomboxSecondary","BrockBoomboxRecoil",,"BrockBoomboxRecoil2",,"BrockBoomboxIdle","BrockPushback","BrockBoomboxWinIntro","BrockBoomboxWin","BrockBoomboxLose","BrockBoomboxLoseloop","BrockBoomboxIdle","BrockBoomboxWinIntro","BrockBoomboxWin","BrockBoomboxWin","BrockBoomboxIdle","BrockBoomboxProfile",,,,,,,,,,,,,,,,,,100,,,,,,,,,,,,,,,,,,,,,,,,,,,
"BarkeepWizard","Barkeep","barley_wizard_geo.scw","barley_wizard_cam.scw","BarkeepWizardIdle","BarkeepWizardWalk","BarkeepWizardPrimary","BarkeepWizardSecondary","BarkeepWizardRecoil",,"BarkeepWizardRecoil",,"BarkeepWizardReload","BarkeepWizardPushback","BarkeepWizardWin","BarkeepWizardWinloop","BarkeepWizardLose","BarkeepWizardLoseloop","BarkeepWizardIdle","BarkeepWizardWin","BarkeepWizardWinloop","BarkeepWizardWin","BarkeepWizardIdle","BarkeepWizardProfile",,,,,,,,,,,,,,,,,,100,,,,"Barley002Projectile","Barley002UltiProjectile","barkeep_wizard_attack","barkeep_wizard_attack_ulti",,,,,,,,,,,,,,,,,,,,
"ShamanReindeer","Shaman","nita_reindeer_geo.scw","nita_base_cam.scw","ShamanIdle","ShamanWalk","ShamanAttack","ShamanSecondary","ShamanRecoil",,"ShamanRecoil",,"ShamanReload","ShamanPushback","ShamanWin","ShamanWinloop","ShamanLose","ShamanLoseloop","ShamanIdle","ShamanWin","ShamanWinloop","ShamanWin","ShamanIdle","ShamanProfile",,,,,,,,,,,,,,,,,,100,,,,,,,,,,,,,,,,,,,,,,,,,,,
"ArtilleryGalElf","ArtilleryDude","penny_elf_geo.scw","penny_base_cam.scw","ArtilleryGalIdle","ArtilleryGalWalk","ArtilleryGalPrimary","ArtilleryGalUltiAttack","ArtilleryGalRecoil",,"ArtilleryGalUltiRecoil",,"ArtilleryGalReload","ArtilleryGalPushback","ArtilleryGalWin","ArtilleryGalWinloop","ArtilleryGalLose","ArtilleryGalLoseloop","ArtilleryGalIdle","ArtilleryGalWin","ArtilleryGalWinloop","ArtilleryGalWin","ArtilleryGalIdle","ArtilleryGalProfile",,,,"PennyFace","PennyFace","PennyFace","PennyFace","PennyFace","PennyFace","PennyFace","PennyFace","PennyFace","PennyFace","PennyFace",,,,100,,,,"Penny002Projectile","Penny002UltiProjectile",,,,,,,,,,,,,,,,,,,,,,
"NinjaDefault","Ninja","leon_geo.scw","leon_base_cam.scw","LeonIdle","LeonWalk","LeonAttack","LeonSecondary","LeonRecoil","LeonRecoil2","LeonRecoil",,"LeonReload","LeonPushback","LeonWin","LeonWinloop","LeonLose","LeonLoseloop","LeonIdle","LeonWin","LeonWinloop","LeonWin","LeonIdle","LeonProfile",,,,"LeonIdle","LeonIdle","LeonWin","LeonWinLoop","LeonLose","LeonLoseLoop","LeonIdle","LeonWin","LeonWinLoop","LeonIdle","LeonIdle",,,,100,,,,,,,,,,,,,,,,,,,,,,,,,,,
"UndertakerHat","Undertaker","mortis_geo.scw:hatGeo+headGeo+hairGeo+cloakGeo+armsGeo+torsoGeo+capeGeo+capeGeo1+legsGeo+shoesGeo+lanternGeo+shovelGeo","mortis_base_cam.scw","UndertakerIdle","UndertakerWalk","UndertakerAttack","UndertakerUltiAttack","UndertakerRecoil1",,"UndertakerUltiRecoil1",,,"UndertakerIdle","UndertakerWin","UndertakerWinloop","UndertakerLose","UndertakerLoseloop","UndertakerIdle","UndertakerWin","UndertakerWinloop","UndertakerWin","UndertakerIdle","UndertakerProfile",,,,"MortisWinloop","MortisFace","MortisWin","MortisWinloop","MortisFace","MortisFace","MortisFace","MortisWin","MortisWinloop","MortisFace","MortisWinloop",,,,100,,,,,,,,,,,,,,,,,,,,,,,,,,,
"BullGuyFootbull","BullDude","bull_footbull_geo.scw","bull_base_cam.scw","BullRockIdle","BullRockWalk","BullRockPrimary","BullRockSecondary","BullRockRecoil",,"BullRockRecoil",,"BullRockReload","BullRockPushback","BullFootbullWin","BullFootbullWinloop","BullFootbullLose","BullFootbullLoseloop","BullRockIdle","BullFootbullWin","BullFootbullWinloop","BullFootbullWin","BullRockIdle","BullRockProfile",,,,,,,,,,,,,,,,,,100,,,,,,,,,,,,,,,,,,,,,,,,,,,
"ShamanBearReindeer","ShamanPet","bear_reindeer_geo.scw","portrait_cam.scw","BearReindeerIdle","BearReindeerWalk","BearReindeerAttack","BearReindeerIdle","BearReindeerRecoil",,"BearReindeerIdle",,"BearReindeerIdle","BearReindeerPushback","BearReindeerIdle","BearReindeerIdle","BearReindeerIdle","BearReindeerIdle","BearReindeerIdle","BearReindeerIdle","BearReindeerIdle","BearReindeerIdle","BearReindeerIdle","BearShibaIdle",,,,,,,,,,,,,,,,,,100,,,,,,,,,,,,,,,,,,,,,,,,,,,
"ArtilleryTurretElf","ArtilleryDudeTurret","penny_elf_turret_geo.scw","portrait_cam.scw","ArtilleryIdle","ArtilleryIdle","ArtilleryIdle","ArtilleryIdle","ArtilleryAttack",,"ArtilleryIdle",,"ArtilleryIdle","ArtilleryIdle","ArtillerySpawn","ArtilleryIdle",,"ArtilleryIdle","ArtilleryIdle","ArtillerySpawn","ArtilleryIdle",,"ArtilleryIdle","ArtilleryIdle",,,,,,,,,,,,,,,,,,100,,,,,,,,,,,,"penny_002_ulti_spawn",,,,,,,,,,,,,,,
"HookDefault","HookDude","gene_geo.scw","gene_base_cam.scw","GeneIdle","GeneWalk","GeneAttack","GeneSecondary","GeneAttackRecoil",,"GeneSecondaryRecoil",,"GeneReload","GenePushback","GeneWin","GeneWinloop","GeneLose","GeneLoseloop","GeneIdle","GeneWin","GeneWinloop","GeneWin","GeneIdle","GeneProfile",,,,,,,,,,,,,,,,,,100,,,,,,,,,,,,,,,,,,,,,,,,,,,
"TrickshotPopcorn","TrickshotDude","rico_popcorn_geo.scw","rico_base_cam.scw","RicoPopcornIdle","RicoPopcornWalk","RicoPopcornPrimary","RicoPopcornSecondary","RicoPopcornRecoil",,"RicoPopcornRecoil",,"RicoPopcornReload","RicoPopcornPushback","RicoPopcornWin","RicoPopcornWinloop","RicoPopcornLose","RicoPopcornLoseloop","RicoPopcornIdle","RicoPopcornWin","RicoPopcornWinloop","RicoPopcornWin","RicoPopcornIdle","RicoProfile",,,,,,,,,,,,,,,,,,100,,,,"Rico002Projectile","Rico002UltiProjectile","rico_002_atk","rico_002_ulti",,,,,,,,,,,,,,,,,,,,
"GunSlingerHanbok","Gunslinger","colt_hanbok_geo.scw","colt_base_cam.scw","GunslingerIdle","GunslingerWalk","GunslingerPrimary","GunslingerSecondary","GunslingerRecoil","GunslingerRecoil2","GunslingerRecoil","GunslingerRecoil2","GunslingerReload","GunslingerPushback","GunslingerWin","GunslingerWinloop","GunslingerLose","GunslingerLoseloop","GunslingerIdle","GunslingerWin","GunslingerWinloop","GunslingerWin","GunslingerIdle","GunslingerProfile",,,,,,,,,,,,,,,,,,100,,,,"Colt002Projectile","Colt002UltiProjectile","colt_002_atk","colt_002_ulti",,,"colt_002_ulti_use",,,,,,,,,,,,,,,,,
"BarrelbotCny","BarrelBot","darryl_cny_geo.scw","darryl_base_cam.scw","DarrylIdle","DarrylWalk","DarrylPrimary","DarrylSecondary","DarrylRecoil","DarrylRecoil2","DarrylRecoil",,"DarrylReload","DarrylPushback","DarrylWin","DarrylWinloop","DarrylLose","DarrylLoseloop","DarrylIdle","DarrylWin","DarrylWinloop","DarrylWinloop","DarrylHide","DarrylProfile",,,,,,,,,,,,,,,,,,100,,,,"Darryl002Projectile",,"darryl_002_atk",,,,,,,,,,,,,,,,,,,,,
"PocoValentine","DeadMariachi","poco_valentine_geo.scw","poco_base_cam.scw","PocoIdle","PocoWalk","PocoAttack","PocoSecondary","PocoRecoil",,"PocoRecoil",,"PocoReload","PocoPushback","PocoWin","PocoWinloop","PocoLose","PocoLoseloop","PocoIdle","PocoWin","PocoWinloop","PocoWin","PocoIdle","PocoProfile",,,,,,,,,,,,,,,,,,100,,,,"Poco002Projectile","Poco002UltiProjectile","poco_002_atk_direct","poco_002_atk_direct",,"poco_002_atk_root","poco_002_ulti_root",,,,,,,,,,,,,,,,,
"RocketGirlCny","RocketGirl","brock_cny_geo.scw","brock_base_cam.scw","BrockIdle","BrockWalk","BrockPrimary","BrockSecondary","BrockRecoil",,"BrockRecoil2",,"BrockIdle","BrockPushback","BrockBoomboxWinIntro","BrockBoomboxWin","BrockLose","BrockLoseloop","BrockIdle","BrockBoomboxWinIntro","BrockBoomboxWin","BrockBoomboxWin","BrockIdle","BrockProfile",,,,,,,,,,,,,,,,,,100,,,,"Brock002Projectile","Brock002UltiProjectile","brock_002_atk","brock_002_atk",,,,,,,,,,,,,,,,,,,,
"WhirlwindDefault","Whirlwind","carl_geo.scw","carl_base_cam.scw","CarlIdle","CarlWalk","CarlAttack","CarlSecondary","CarlAttackRecoil",,"CarlSecondaryRecoil",,"CarlReload","CarlIdle","CarlWin","CarlWinloop","CarlLose","CarlLoseloop","CarlIdle","CarlWin","CarlWinloop","CarlWin","CarlIdle","CarlProfile",,,,"CarlIdle","CarlIdle","CarlIdle","CarlIdle","CarlAngry","CarlAngryloop","CarlIdle","CarlIdle","CarlIdle","CarlIdle","CarlIdle",,,,100,,,,,,,,,,,,,,,,,,,,,,,,,,,
"RoboWarsBox",,"item_bolt_crate.scw","portrait_cam.scw",,,,,,,,,,,,,,,,,,,,,,,,,,,,,,,,,,,,,,100,,,,,,,,,,,,,,,,,,,,,,,,,,,
"UndertakerNightwitch","Undertaker","mortis_nightwitch_geo.scw","mortis_base_cam.scw","UndertakerIdle","UndertakerWalk","UndertakerAttack","UndertakerUltiAttack","UndertakerRecoil1",,"UndertakerUltiRecoil1",,,"UndertakerPushback","UndertakerNightwitchWin","UndertakerNightwitchWinloop","UndertakerLose","UndertakerLoseloop","UndertakerIdle","UndertakerNightwitchWin","UndertakerNightwitchWinloop","UndertakerNightwitchWin","UndertakerIdle","UndertakerProfile",,,,"MortisNightwitchFace","MortisNightwitchFace","MortisNightwitchWin","MortisNightwitchWinloop","MortisNightwitchFace","MortisNightwitchFace","MortisNightwitchFace","MortisNightwitchWin","MortisNightwitchWinloop","MortisNightwitchFace","MortisNightwitchFace",,,,100,,,,,,,"mortis_002_ulti_direct",,"mortis_002_atk","mortis_002_ulti","mortis_002_atk_hit",,,,,,,,,,,,,,,,
"RoboWarsBaseDefault","RoboWarsBase","siege_base.scw","portrait_cam.scw","RoboWarsBaseIdle","RoboWarsBaseIdle","RoboWarsBaseAttack","RoboWarsBaseIdle","RoboWarsBaseAttack",,"RoboWarsBaseIdle",,"RoboWarsBaseIdle","RoboWarsBaseIdle",,,,,,,,,,,,,,,,,,,,,,,,,,,,100,,,,,,,,,,,,,,,,,,,,,,,,,,,
"RosaDefault","Rosa","rosa_geo.scw","rosa_base_cam.scw","RosaIdle","RosaWalk","RosaAttack","RosaIdle","RosaAttackRecoil","RosaAttackRecoil2","RosaUltRecoil","RosaUltRecoil2",,"RosaIdle","RosaWin","RosaWinloop","RosaLose","RosaLoseloop","RosaIdle","RosaWin","RosaWinloop","RosaWin","RosaIdle","RosaProfile",,,,,,,,,,,,,,,,,,100,,,,,,,,,,,,,,,,,,,,,,,,,,,
"MineCart","Train0","mine_cart.scw","portrait_cam.scw",,,,,,,,,,,,,,,,,,,,,,,,,,,,,,,,,,,,,,100,,,,,,,,,,,,,,,,,,,,,,,,,,,
"ShamanShiba","Shaman","nita_shiba_geo.scw","nita_base_cam.scw","ShamanShibaIdle","ShamanShibaWalk","ShamanAttack","ShamanSecondary","ShamanRecoil",,"ShamanRecoil",,"ShamanReload","ShamanPushback","ShamanShibaWin","ShamanShibaWinloop","ShamanLose","ShamanLoseloop","ShamanIdle","ShamanShibaWin","ShamanShibaWinloop","ShamanShibaWin","ShamanShibaIdle","ShamanProfile",,,,,,,,,,,,,,,,,,100,,,,,,,,,,,,,,,,,,,,,,,,,,,
"ShamanBearShiba","ShamanPet","bear_shiba_geo.scw","portrait_cam.scw","BearShibaIdle","BearWalk","BearAttack","BearShibaIdle","BearRecoil",,"BearShibaIdle",,"BearIdle","BearPushback","BearShibaIdle","BearShibaIdle","BearShibaIdle","BearShibaIdle","BearShibaIdle","BearShibaIdle","BearShibaIdle","BearShibaIdle","BearShibaIdle","BearShibaIdle",,,,,,,,,,,,,,,,,,100,,,,,,,,,,,,"nita_003_ulti_spawn",,,,,,,,,,,,,,,
"BaseballDefault","Baseball","bibi_geo.scw","bibi_base_cam.scw","BibiIdle","BibiWalk","BibiPrimary","BibiSecondary","BibiRecoil",,"BibiRecoil2",,,"BibiPushback","BibiWin","BibiWinloop","BibiLose","BibiLoseloop","BibiIdle","BibiWin","BibiWinloop","BibiWin","BibiIdle","BibiProfile",,,,"Bibi_Idle","Bibi_Idle","Bibi_Win","Bibi_Idle","Bibi_Idle","Bibi_Idle","Bibi_Idle","Bibi_Win","Bibi_Idle","Bibi_Idle","Bibi_Idle",,,,100,,,,,,,,,,,,,,,,,,,,,,,,,,,
"MineCartB","Train1","mine_cart_b.scw","portrait_cam.scw",,,,,,,,,,,,,,,,,,,,,,,,,,,,,,,,,,,,,,100,,,,,,,,,,,,,,,,,,,,,,,,,,,
"MineCartC","Train2","mine_cart_c.scw","portrait_cam.scw",,,,,,,,,,,,,,,,,,,,,,,,,,,,,,,,,,,,,,100,,,,,,,,,,,,,,,,,,,,,,,,,,,
"MineCartD","Train3","mine_cart_d.scw","portrait_cam.scw",,,,,,,,,,,,,,,,,,,,,,,,,,,,,,,,,,,,,,100,,,,,,,,,,,,,,,,,,,,,,,,,,,
"MineCartE","Train4","mine_cart_e.scw","portrait_cam.scw",,,,,,,,,,,,,,,,,,,,,,,,,,,,,,,,,,,,,,100,,,,,,,,,,,,,,,,,,,,,,,,,,,
"ClusterBombDefault","ClusterBombDude","tick_geo.scw","tick_base_cam.scw","TickIdle","TickWalk","TickPrimary","TickSecondary","TickRecoil",,"TickUltRecoil",,"TickIdle","TickIdle","TickWin","TickWinloop","TickLose","TickLoseloop","TickIdle","TickWin","TickWinloop","TickWin","TickIdle","TickProfile",,,,,,,,,,,,,,,,,,100,,"true","true",,,,,,,,,,,,,,,,,,,,,,,,
"ClusterBombPetDefault","ClusterBombPet","bombhead_geo.scw","portrait_cam.scw","BombheadIdle","BombheadIdle","BombheadIdle","BombheadIdle","BombheadIdle",,"BombheadIdle",,"BombheadIdle","BombheadIdle","BombheadIdle","BombheadIdle","BombheadIdle","BombheadIdle","BombheadIdle","BombheadIdle","BombheadIdle","BombheadIdle","BombheadIdle","BombheadIdle",,,,,,,,,,,,,,,,,,100,,,,,,,,,,,,,,,,,,,,,,,,,,,
"ArtilleryGalBunny","ArtilleryDude","penny_bunny_geo.scw","penny_base_cam.scw","ArtilleryGalIdle","ArtilleryGalBunnyWalk","ArtilleryGalPrimary","ArtilleryGalUltiAttack","ArtilleryGalRecoil",,"ArtilleryGalUltiRecoil",,"ArtilleryGalReload","ArtilleryGalPushback","ArtilleryGalBunnyWin","ArtilleryGalBunnyWinloop","ArtilleryGalLose","ArtilleryGalBunnyLoseloop","ArtilleryGalIdle","ArtilleryGalBunnyWin","ArtilleryGalBunnyWinloop","ArtilleryGalBunnyWin","ArtilleryGalIdle","ArtilleryGalProfile",,,,"PennyFace","PennyFace","PennyFace","PennyFace","PennyFace","PennyFace","PennyFace","PennyFace","PennyFace","PennyFace","PennyFace",,,,100,,,,"Penny003Projectile","Penny003UltiProjectile",,,,,,,,,,,,,,,,,,,,,,
"ArtilleryTurretBunny","ArtilleryDudeTurret","bunny_turret_geo.scw","portrait_cam.scw","ArtilleryBunnyIdle","ArtilleryBunnyIdle","ArtilleryBunnyIdle","ArtilleryBunnyIdle","ArtilleryBunnyAttack",,"ArtilleryBunnyIdle",,"ArtilleryBunnyIdle","ArtilleryBunnyIdle","ArtilleryBunnySpawn","ArtilleryBunnyIdle",,"ArtilleryBunnyIdleMenu","ArtilleryBunnyIdleMenu","ArtilleryBunnyIdleMenu","ArtilleryBunnyIdleMenu",,"ArtilleryBunnyIdleMenu","ArtilleryIdle",,,,,,,,,,,,,,,,,,100,,,,,,,,,,,,"penny_003_ulti_spawn",,,,,,,,,,,,,,,
"BarkeepMs","Barkeep","barley_ms_geo.scw","barley_base_cam.scw","BarkeepMsIdle","BarkeepMsWalk","BarkeepMsPrimary","BarkeepMsSecondary","BarkeepMsPrimary",,"BarkeepMsPrimary",,"BarkeepMsReload","BarkeepPushback","BarkeepMsWin","BarkeepMsIdle","BarkeepMsLose","BarkeepMsLoseloop","BarkeepMsIdle","BarkeepMsWin","BarkeepMsIdle","BarkeepMsWin","BarkeepMsIdle","BarkeepMsProfile",,,,"BarleyMsFace","BarleyMsFace","BarleyMsFace","BarleyMsFace","BarleyMsLose","BarleyMsLoseloop","BarleyMsFace","BarleyMsFace","BarleyMsFace","BarleyMsFace","BarleyMsFace",,,,100,,,,"Barley005Projectile","Barley005UltiProjectile",,,,,,,,,,,,,,,,,,,,,,
"RocketGirlHotrod","RocketGirl","brock_hotrod_geo.scw","brock_base_cam.scw","BrockHotrodIdle","BrockHotrodWalk","BrockHotrodPrimary","BrockHotrodSecondary","BrockHotrodRecoil",,"BrockHotrodRecoil2",,"BrockHotrodIdle","BrockHotrodPushback","BrockHotrodWin","BrockHotrodWinloop","BrockHotrodLose","BrockHotrodLoseloop","BrockHotrodIdle","BrockHotrodWin","BrockHotrodWinloop","BrockHotrodIdle","BrockHotrodIdle","BrockProfile",,,,,,,,,,,,,,,,,,100,,,,"Brock003Projectile","Brock003UltiProjectile","brock_003_atk","brock_003_atk",,,,,,,,,,,,,,,,,,,,
"WhirlwindHotrod","Whirlwind","carl_hotrod_geo.scw","carl_base_cam.scw","CarlHotrodIdle","CarlHotrodWalk","CarlHotrodAttack","CarlHotrodSecondary","CarlHotrodAttackRecoil",,"CarlHotrodSecondaryRecoil",,"CarlHotrodReload","CarlHotrodIdle","CarlHotrodWin","CarlHotrodWinloop","CarlHotrodLose","CarlHotrodLoseloop","CarlHotrodIdle","CarlHotrodWin","CarlHotrodWinloop","CarlHotrodWin","CarlHotrodIdle","CarlProfile",,,,"CarlHotrodIdle","CarlHotrodIdle","CarlHotrodIdle","CarlHotrodIdle","CarlHotrodAngry","CarlHotrodAngryloop","CarlHotrodIdle","CarlHotrodIdle","CarlHotrodIdle","CarlHotrodIdle","CarlHotrodIdle",,,,100,,,,"Carl002Projectile",,,,,,,,,"carl_002_ulti_loop","carl_002_ulti_ground",,,,,,,,,,,,,
"BarkeepLumberjack","Barkeep","barley_lumberjack_geo.scw","barley_base_cam.scw","BarkeepLumberjackIdle","BarkeepLumberjackWalk","BarkeepLumberjackPrimary","BarkeepLumberjackSecondary","BarkeepLumberjackRecoil",,"BarkeepLumberjackRecoil",,"BarkeepLumberjackReload","BarkeepLumberjackPushback","BarkeepLumberjackWin","BarkeepLumberjackWinloop","BarkeepLumberjackLose","BarkeepLumberjackLoseloop","BarkeepLumberjackIdle","BarkeepLumberjackWin","BarkeepLumberjackIdle","BarkeepLumberjackWin","BarkeepLumberjackIdle","BarkeepLumberjackProfile",,,,,,,,,,,,,,,,,,100,,,,"Barley004Projectile","Barley004UltiProjectile",,,,,,,,,,,,,,,,,,,,,,
"BoMecha","BowDude","bo_mecha_geo.scw","bo_mecha_cam.scw","BoMechaIdle","BoMechaWalk","BoMechaAttack","BoMechaSecondary","BoMechaRecoil","BoMechaRecoil","BoMechaRecoil2","BoMechaRecoil2","BoMechaIdle","BoMechaPushback","BoMechaWin","BoMechaWinloop","BoMechaLose","BoMechaLoseloop","BoMechaIdle","BoMechaWin","BoMechaWinloop","BoMechaWin","BoMechaIdle","BoMechaProfile",,,,,,,,,,,,,,,,,,100,,,"true","Bow002Projectile","Bow002UltiProjectile","bo_002_atk","bo_002_ulti",,,,,,,,"MineMecha","Mech_Bo_kill","Mech_Bo_lead","Mech_Bo_start","Mech_Bo_ulti_vo","Mech_Bo_hurt","Mech_Bo_die","Mech_Bo_atk_vo",,,,,
"CrowMecha","Crow","crow_mecha_geo.scw","crow_mecha_cam.scw","CrowMechaIdle","CrowMechaWalk","CrowMechaPrimary","CrowMechaSecondary","CrowMechaRecoil",,"CrowMechaRecoil",,"CrowMechaReload","CrowMechaPushback","CrowMechaWin","CrowMechaWinloop","CrowMechaLose","CrowMechaLoseloop","CrowMechaIdle","CrowMechaWin","CrowMechaWinloop","CrowMechaWin","CrowMechaIdle","CrowMechaProfile",,,,,,,,,,,,,,,,,,100,,,,"Crow002Projectile","Crow002UltiProjectile","crow_002_attack",,,,"crow_002_ulti",,,,,,"RoboCrow_Kill","RoboCrow_Lead","RoboCrow_Start","RoboCrow_Ulti_vo","RoboCrow_Takedamage","RoboCrow_Die",,,,,,
"Cactusmecha","Cactus","spike_mecha_geo.scw","spike_base_cam.scw","SpikeIdle","SpikeMechaWalk","SpikePrimary","SpikeSecondary","SpikeRecoil",,"SpikeRecoil2",,"SpikeReload","SpikeIdle","SpikeMechaWin","SpikeMechaWinloop","SpikeMechaLose","SpikeMechaLoseloop","SpikeIdle","SpikeMechaWin","SpikeMechaWinloop","SpikeMechaWin","SpikeIdle","SpikeProfile",,,,,,,,,,,,,,,,,,100,,,,"Spike003Projectile","Spike003UltiProjectile","cactus_003_attack","cactus_003_attack_ulti",,,,,,,,,,,,,,,,,,,,
"TntDudeMecha","TntDude","dynamike_mecha_geo.scw","dynamike_base_cam.scw","TntDudeMechaIdle","TntDudeMechaWalk","TntDudeMechaPrimary","TntDudeMechaSecondary","TntDudeMechaRecoil",,"TntDudeMechaSecondaryRecoil",,"TntDudeMechaIdle","TntguyPushback","TntDudeMechaWin","TntDudeMechaWinloop","TntDudeMechaLose","TntDudeMechaLoseloop","TntDudeMechaIdle","TntDudeMechaWin","TntDudeMechaWinloop","TntDudeMechaWin","TntDudeMechaIdle","TntDudeMechaIdle",,,,"DynamikeRoboFace","DynamikeRoboFace","DynamikeRoboFace","DynamikeRoboFace","DynamikeRoboLose","DynamikeRoboLoseloop","DynamikeRoboFace","DynamikeRoboFace","DynamikeRoboFace","DynamikeRoboFace","DynamikeRoboFace",,,,100,,"true","true","Mike003Projectile","Mike003UltiProjectile","mech_mike_atk",,,,"dynamike_003_ulti_use",,,,,,"Mech_Mike_kill_vo","Mech_Mike_lead_vo","Mech_Mike_start_vo","Mech_Mike_ulti_vo","Mech_Mike_hurt_vo","Mech_Mike_die_vo",,,,,,
"WhirlwindHogrider","Whirlwind","carl_hogrider_geo.scw","carl_base_cam.scw","CarlHogriderIdle","CarlHogriderWalk","CarlHogriderAttack","CarlHogriderSecondary","CarlHogriderAttackRecoil",,"CarlHogriderSecondaryRecoil",,"CarlHogriderReload","CarlHogriderIdle","CarlHogriderWin","CarlHogriderWinloop","CarlHogriderLose","CarlHogriderLoseloop","CarlHogriderIdle","CarlHogriderWin","CarlHogriderWinloop","CarlHogriderWin","CarlHogriderIdle","CarlHogriderProfile",,,,"CarlIdle","CarlIdle","CarlIdle","CarlIdle","CarlAngry","CarlAngryloop","CarlIdle","CarlIdle","CarlIdle","CarlIdle","CarlIdle",,,,100,,,,"Carl003Projectile",,,,,,,,,,,,,,,,,,,,,,,
"BallBeach",,"brawl_ball_beach.scw","portrait_cam.scw",,,,,,,,,,,,,,,,,,,,,,,,,,,,,,,,,,,,,,100,,,,,,,,,,,,,,,,,,,,,,,,,,,
"ArcadeDefault","Arcade","8bit_geo.scw","8bit_base_cam.scw","8bitIdle","8BitWalk","8bitAttack","8bitIdle","8bitRecoil",,"8bitIdle",,"8bitReload","8bitPushback","8bitWin","8bitWinloop","8bitLose","8bitLoseloop","8bitWinloop","8bitWin","8bitWinloop","8bitWin","8bitIdle","8bitProfile",,,,"8bitFace","8bitFace","8bitFace","8bitFace","8bitLose","8bitLooseloop","8bitFace","8bitFace","8bitFace",,"8bitFace",,,,100,,,,,,,,"true",,,,,,,,,,,,,,,,,,,
"DamageBoosterDefault","DamageBooster","8bit_turret_geo.scw","portrait_cam.scw","8bitTurretIdle","8bitTurretIdle","8bitTurretIdle","8bitTurretIdle","8bitTurretIdle",,"8bitTurretIdle",,"8bitTurretIdle","8bitTurretIdle","8bitTurretSpawn","8bitTurretIdle",,"8bitTurretIdle","8bitTurretIdle",,"8bitTurretIdle",,"8bitTurretIdle","8bitTurretIdle",,,,,,,,,,,,,,,,,,100,,,,,,,,"true",,,,,,,,,,,,,,,,,,,
"SniperPink","Sniper","piper_geo.scw","piper_portrait.scw","SniperIdle","SniperWalk","SniperAttack","SniperSecondary","SniperRecoil",,"SniperRecoil",,"SniperReload","SniperPushback","SniperWin","SniperWinloop","SniperLose","SniperLoseloop","SniperIdle","SniperWin","SniperWinloop","SniperWin","SniperIdle","SniperProfile",,,,"PiperIdleOpen","PiperIdleOpen","PiperWin","PiperWinLoop","PiperIdleClosed","PiperIdleClosed","PiperIdleClosed","PiperWin","PiperWinLoop","PiperIdleClosed","PiperIdleClosed",,,,100,,"true",,,,,,,,,,,,,,,,,,,,,,,,,
"ArcadeClassic","Arcade","8bit_classic_geo.scw","8bit_base_cam.scw","8bitIdle","8BitWalk","8bitAttack","8bitIdle","8bitRecoil",,"8bitIdle",,"8bitReload","8bitPushback","8bitWin","8bitWinloop","8bitLose","8bitLoseloop","8bitWinloop","8bitWin","8bitWinloop","8bitWin","8bitIdle","8bitProfile",,,,"8bitClassicFace","8bitClassicFace","8bitClassicFace","8bitClassicFace","8bitLose","8bitLooseloop","8bitClassicFace","8bitClassicFace","8bitClassicFace",,"8bitClassicFace",,,,100,,,,,,,,"true",,,,,,,,,,,,,,,,,,,
"NinjaShark","Ninja","shark_leon_geo.scw","leon_base_cam.scw","LeonIdle","LeonWalk","LeonAttack","LeonSecondary","LeonRecoil","LeonRecoil2","LeonRecoil",,"LeonReload","LeonPushback","LeonWin","LeonWinloop","LeonLose","LeonLoseloop","LeonIdle","LeonWin","LeonWinloop","LeonWin","LeonIdle","LeonProfile",,,,"LeonIdle","LeonIdle","LeonWin","LeonWinLoop","LeonLose","LeonLoseLoop","LeonIdle","LeonWin","LeonWinLoop","LeonIdle","LeonIdle",,,,100,,,,,,,,,,,,,,,,,,,,,,,,,,,
"BlackHoleBlue","BlackHole","tara_blue_geo.scw","tara_base_cam.scw","TaraIdle","TaraWalk","TaraPrimary","TaraSecondary","TaraRecoil",,"TaraSecondaryRecoil",,"TaraReload","TaraIdle","TaraWin","TaraWinloop","TaraLose","TaraLoseloop","TaraIdle","TaraWin","TaraWinloop","TaraWin","TaraIdle","TaraProfile",,,,"TaraFaceIdle","TaraFaceIdle","TaraFaceWin","TaraFaceWinLoop","TaraFaceLose","TaraFaceLoseloop","TaraFaceIdle","TaraFaceIdle","TaraFaceIdle","TaraFaceIdle","TaraFaceIdle",,,,100,,"true","true",,,,,"true",,,,,,,,,,,,,,,,,,,
"LootBoxMoonFestival",,"crate_powerup_moon_festival.scw","portrait_cam.scw",,,,,,,,,,,,,,,,,,,,,,,,,,,,,,,,,,,,,,100,,,,,,,,,,,,,,,,,,,,,,,,,,,
